code,company,name,gender,age
0,4You,Roy Braun,male,20
1,Rainbow,Joseph Holsten,male,21
2,CloudFy,Wilma Mcinnis,female,22
3,FlyingDrops,Paula Daniel,female,23
4,4You,Trina Thomas,none,24
5,Rainbow,Jesse Decelle,male,25
6,CloudFy,Gregoria Gil,female,26
7,FlyingDrops,Jack Sabo,none,27
8,4You,Debbie Helms,none,28
9,Rainbow,Virginia Roberts,female,29
10,CloudFy,Roy Braun,male,30
11,FlyingDrops,Joseph Holsten,male,31
12,4You,Wilma Mcinnis,female,32
13,Rainbow,Paula Daniel,female,33
14,CloudFy,Trina Thomas,none,34
15,FlyingDrops,Jesse Decelle,male,35
16,4You,Gregoria Gil,female,36
17,Rainbow,Jack Sabo,none,37
18,CloudFy,Debbie Helms,none,38
19,FlyingDrops,Virginia Roberts,female,39
20,4You,Roy Braun,male,40
21,Rainbow,Joseph Holsten,male,41
22,CloudFy,Wilma Mcinnis,female,42
23,FlyingDrops,Paula Daniel,female,43
24,4You,Trina Thomas,none,44
25,Rainbow,Jesse Decelle,male,45
26,CloudFy,Gregoria Gil,female,46
27,FlyingDrops,Jack Sabo,none,47
28,4You,Debbie Helms,none,48
29,Rainbow,Virginia Roberts,female,49
30,CloudFy,Roy Braun,male,50
31,FlyingDrops,Joseph Holsten,male,51
32,4You,Wilma Mcinnis,female,52
33,Rainbow,Paula Daniel,female,53
34,CloudFy,Trina Thomas,none,54
35,FlyingDrops,Jesse Decelle,male,55
36,4You,Gregoria Gil,female,56
37,Rainbow,Jack Sabo,none,57
38,CloudFy,Debbie Helms,none,58
39,FlyingDrops,Virginia Roberts,female,59
40,4You,Roy Braun,male,60
41,Rainbow,Joseph Holsten,male,61
42,CloudFy,Wilma Mcinnis,female,62
43,FlyingDrops,Paula Daniel,female,63
44,4You,Trina Thomas,none,64
45,Rainbow,Jesse Decelle,male,20
46,CloudFy,Gregoria Gil,female,21
47,FlyingDrops,Jack Sabo,none,22
48,4You,Debbie Helms,none,23
49,Rainbow,Virginia Roberts,female,24
50,CloudFy,Roy Braun,male,25
51,FlyingDrops,Joseph Holsten,male,26
52,4You,Wilma Mcinnis,female,27
53,Rainbow,Paula Daniel,female,28
54,CloudFy,Trina Thomas,none,29
55,FlyingDrops,Jesse Decelle,male,30
56,4You,Gregoria Gil,female,31
57,Rainbow,Jack Sabo,none,32
58,CloudFy,Debbie Helms,none,33
59,FlyingDrops,Virginia Roberts,female,34
60,4You,Roy Braun,male,35
61,Rainbow,Joseph Holsten,male,36
62,CloudFy,Wilma Mcinnis,female,37
63,FlyingDrops,Paula Daniel,female,38
64,4You,Trina Thomas,none,39
65,Rainbow,Jesse Decelle,male,40
66,CloudFy,Gregoria Gil,female,41
67,FlyingDrops,Jack Sabo,none,42
68,4You,Debbie Helms,none,43
69,Rainbow,Virginia Roberts,female,44
70,CloudFy,Roy Braun,male,45
71,FlyingDrops,Joseph Holsten,male,46
72,4You,Wilma Mcinnis,female,47
73,Rainbow,Paula Daniel,female,48
74,CloudFy,Trina Thomas,none,49
75,FlyingDrops,Jesse Decelle,male,50
76,4You,Gregoria Gil,female,51
77,Rainbow,Jack Sabo,none,52
78,CloudFy,Debbie Helms,none,53
79,FlyingDrops,Virginia Roberts,female,54
80,4You,Roy Braun,male,55
81,Rainbow,Joseph Holsten,male,56
82,CloudFy,Wilma Mcinnis,female,57
83,FlyingDrops,Paula Daniel,female,58
84,4You,Trina Thomas,none,59
85,Rainbow,Jesse Decelle,male,60
86,CloudFy,Gregoria Gil,female,61
87,FlyingDrops,Jack Sabo,none,62
88,4You,Debbie Helms,none,63
89,Rainbow,Virginia Roberts,female,64
90,CloudFy,Roy Braun,male,20
91,FlyingDrops,Joseph Holsten,male,21
92,4You,Wilma Mcinnis,female,22
93,Rainbow,Paula Daniel,female,23
94,CloudFy,Trina Thomas,none,24
95,FlyingDrops,Jesse Decelle,male,25
96,4You,Gregoria Gil,female,26
97,Rainbow,Jack Sabo,none,27
98,CloudFy,Debbie Helms,none,28
99,FlyingDrops,Virginia Roberts,female,29
100,4You,Roy Braun,male,30
101,Rainbow,Joseph Holsten,male,31
102,CloudFy,Wilma Mcinnis,female,32
103,FlyingDrops,Paula Daniel,female,33
104,4You,Trina Thomas,none,34
105,Rainbow,Jesse Decelle,male,35
106,CloudFy,Gregoria Gil,female,36
107,FlyingDrops,Jack Sabo,none,37
108,4You,Debbie Helms,none,38
109,Rainbow,Virginia Roberts,female,39
110,CloudFy,Roy Braun,male,40
111,FlyingDrops,Joseph Holsten,male,41
112,4You,Wilma Mcinnis,female,42
113,Rainbow,Paula Daniel,female,43
114,CloudFy,Trina Thomas,none,44
115,FlyingDrops,Jesse Decelle,male,45
116,4You,Gregoria Gil,female,46
117,Rainbow,Jack Sabo,none,47
118,CloudFy,Debbie Helms,none,48
119,FlyingDrops,Virginia Roberts,female,49
120,4You,Roy Braun,male,50
121,Rainbow,Joseph Holsten,male,51
122,CloudFy,Wilma Mcinnis,female,52
123,FlyingDrops,Paula Daniel,female,53
124,4You,Trina Thomas,none,54
125,Rainbow,Jesse Decelle,male,55
126,CloudFy,Gregoria Gil,female,56
127,FlyingDrops,Jack Sabo,none,57
128,4You,Debbie Helms,none,58
129,Rainbow,Virginia Roberts,female,59
130,CloudFy,Roy Braun,male,60
131,FlyingDrops,Joseph Holsten,male,61
132,4You,Wilma Mcinnis,female,62
133,Rainbow,Paula Daniel,female,63
134,CloudFy,Trina Thomas,none,64
135,FlyingDrops,Jesse Decelle,male,20
136,4You,Gregoria Gil,female,21
137,Rainbow,Jack Sabo,none,22
138,CloudFy,Debbie Helms,none,23
139,FlyingDrops,Virginia Roberts,female,24
140,4You,Roy Braun,male,25
141,Rainbow,Joseph Holsten,male,26
142,CloudFy,Wilma Mcinnis,female,27
143,FlyingDrops,Paula Daniel,female,28
144,4You,Trina Thomas,none,29
145,Rainbow,Jesse Decelle,male,30
146,CloudFy,Gregoria Gil,female,31
147,FlyingDrops,Jack Sabo,none,32
148,4You,Debbie Helms,none,33
149,Rainbow,Virginia Roberts,female,34
150,CloudFy,Roy Braun,male,35
151,FlyingDrops,Joseph Holsten,male,36
152,4You,Wilma Mcinnis,female,37
153,Rainbow,Paula Daniel,female,38
154,CloudFy,Trina Thomas,none,39
155,FlyingDrops,Jesse Decelle,male,40
156,4You,Gregoria Gil,female,41
157,Rainbow,Jack Sabo,none,42
158,CloudFy,Debbie Helms,none,43
159,FlyingDrops,Virginia Roberts,female,44
160,4You,Roy Braun,male,45
161,Rainbow,Joseph Holsten,male,46
162,CloudFy,Wilma Mcinnis,female,47
163,FlyingDrops,Paula Daniel,female,48
164,4You,Trina Thomas,none,49
165,Rainbow,Jesse Decelle,male,50
166,CloudFy,Gregoria Gil,female,51
167,FlyingDrops,Jack Sabo,none,52
168,4You,Debbie Helms,none,53
169,Rainbow,Virginia Roberts,female,54
170,CloudFy,Roy Braun,male,55
171,FlyingDrops,Joseph Holsten,male,56
172,4You,Wilma Mcinnis,female,57
173,Rainbow,Paula Daniel,female,58
174,CloudFy,Trina Thomas,none,59
175,FlyingDrops,Jesse Decelle,male,60
176,4You,Gregoria Gil,female,61
177,Rainbow,Jack Sabo,none,62
178,CloudFy,Debbie Helms,none,63
179,FlyingDrops,Virginia Roberts,female,64
180,4You,Roy Braun,male,20
181,Rainbow,Joseph Holsten,male,21
182,CloudFy,Wilma Mcinnis,female,22
183,FlyingDrops,Paula Daniel,female,23
184,4You,Trina Thomas,none,24
185,Rainbow,Jesse Decelle,male,25
186,CloudFy,Gregoria Gil,female,26
187,FlyingDrops,Jack Sabo,none,27
188,4You,Debbie Helms,none,28
189,Rainbow,Virginia Roberts,female,29
190,CloudFy,Roy Braun,male,30
191,FlyingDrops,Joseph Holsten,male,31
192,4You,Wilma Mcinnis,female,32
193,Rainbow,Paula Daniel,female,33
194,CloudFy,Trina Thomas,none,34
195,FlyingDrops,Jesse Decelle,male,35
196,4You,Gregoria Gil,female,36
197,Rainbow,Jack Sabo,none,37
198,CloudFy,Debbie Helms,none,38
199,FlyingDrops,Virginia Roberts,female,39
200,4You,Roy Braun,male,40
201,Rainbow,Joseph Holsten,male,41
202,CloudFy,Wilma Mcinnis,female,42
203,FlyingDrops,Paula Daniel,female,43
204,4You,Trina Thomas,none,44
205,Rainbow,Jesse Decelle,male,45
206,CloudFy,Gregoria Gil,female,46
207,FlyingDrops,Jack Sabo,none,47
208,4You,Debbie Helms,none,48
209,Rainbow,Virginia Roberts,female,49
210,CloudFy,Roy Braun,male,50
211,FlyingDrops,Joseph Holsten,male,51
212,4You,Wilma Mcinnis,female,52
213,Rainbow,Paula Daniel,female,53
214,CloudFy,Trina Thomas,none,54
215,FlyingDrops,Jesse Decelle,male,55
216,4You,Gregoria Gil,female,56
217,Rainbow,Jack Sabo,none,57
218,CloudFy,Debbie Helms,none,58
219,FlyingDrops,Virginia Roberts,female,59
220,4You,Roy Braun,male,60
221,Rainbow,Joseph Holsten,male,61
222,CloudFy,Wilma Mcinnis,female,62
223,FlyingDrops,Paula Daniel,female,63
224,4You,Trina Thomas,none,64
225,Rainbow,Jesse Decelle,male,20
226,CloudFy,Gregoria Gil,female,21
227,FlyingDrops,Jack Sabo,none,22
228,4You,Debbie Helms,none,23
229,Rainbow,Virginia Roberts,female,24
230,CloudFy,Roy Braun,male,25
231,FlyingDrops,Joseph Holsten,male,26
232,4You,Wilma Mcinnis,female,27
233,Rainbow,Paula Daniel,female,28
234,CloudFy,Trina Thomas,none,29
235,FlyingDrops,Jesse Decelle,male,30
236,4You,Gregoria Gil,female,31
237,Rainbow,Jack Sabo,none,32
238,CloudFy,Debbie Helms,none,33
239,FlyingDrops,Virginia Roberts,female,34
240,4You,Roy Braun,male,35
241,Rainbow,Joseph Holsten,male,36
242,CloudFy,Wilma Mcinnis,female,37
243,FlyingDrops,Paula Daniel,female,38
244,4You,Trina Thomas,none,39
245,Rainbow,Jesse Decelle,male,40
246,CloudFy,Gregoria Gil,female,41
247,FlyingDrops,Jack Sabo,none,42
248,4You,Debbie Helms,none,43
249,Rainbow,Virginia Roberts,female,44
250,CloudFy,Roy Braun,male,45
251,FlyingDrops,Joseph Holsten,male,46
252,4You,Wilma Mcinnis,female,47
253,Rainbow,Paula Daniel,female,48
254,CloudFy,Trina Thomas,none,49
255,FlyingDrops,Jesse Decelle,male,50
256,4You,Gregoria Gil,female,51
257,Rainbow,Jack Sabo,none,52
258,CloudFy,Debbie Helms,none,53
259,FlyingDrops,Virginia Roberts,female,54
260,4You,Roy Braun,male,55
261,Rainbow,Joseph Holsten,male,56
262,CloudFy,Wilma Mcinnis,female,57
263,FlyingDrops,Paula Daniel,female,58
264,4You,Trina Thomas,none,59
265,Rainbow,Jesse Decelle,male,60
266,CloudFy,Gregoria Gil,female,61
267,FlyingDrops,Jack Sabo,none,62
268,4You,Debbie Helms,none,63
269,Rainbow,Virginia Roberts,female,64
270,CloudFy,Roy Braun,male,20
271,FlyingDrops,Joseph Holsten,male,21
272,4You,Wilma Mcinnis,female,22
273,Rainbow,Paula Daniel,female,23
274,CloudFy,Trina Thomas,none,24
275,FlyingDrops,Jesse Decelle,male,25
276,4You,Gregoria Gil,female,26
277,Rainbow,Jack Sabo,none,27
278,CloudFy,Debbie Helms,none,28
279,FlyingDrops,Virginia Roberts,female,29
280,4You,Roy Braun,male,30
281,Rainbow,Joseph Holsten,male,31
282,CloudFy,Wilma Mcinnis,female,32
283,FlyingDrops,Paula Daniel,female,33
284,4You,Trina Thomas,none,34
285,Rainbow,Jesse Decelle,male,35
286,CloudFy,Gregoria Gil,female,36
287,FlyingDrops,Jack Sabo,none,37
288,4You,Debbie Helms,none,38
289,Rainbow,Virginia Roberts,female,39
290,CloudFy,Roy Braun,male,40
291,FlyingDrops,Joseph Holsten,male,41
292,4You,Wilma Mcinnis,female,42
293,Rainbow,Paula Daniel,female,43
294,CloudFy,Trina Thomas,none,44
295,FlyingDrops,Jesse Decelle,male,45
296,4You,Gregoria Gil,female,46
297,Rainbow,Jack Sabo,none,47
298,CloudFy,Debbie Helms,none,48
299,FlyingDrops,Virginia Roberts,female,49
